[
	{
		"inputs": [],
		"stateMutability": "nonpayable",
		"type": "constructor"
	},
	{
		"anonymous": false,
		"inputs": [
			{
				"indexed": false,
				"internalType": "address",
				"name": "walletAddress",
				"type": "address"
			},
			{
				"indexed": false,
				"internalType": "address",
				"name": "direct",
				"type": "address"
			},
			{
				"indexed": false,
				"internalType": "address",
				"name": "payment",
				"type": "address"
			},
			{
				"indexed": false,
				"internalType": "uint256",
				"name": "amount1",
				"type": "uint256"
			},
			{
				"indexed": false,
				"internalType": "uint256",
				"name": "amount2",
				"type": "uint256"
			},
			{
				"indexed": false,
				"internalType": "uint256",
				"name": "amount3",
				"type": "uint256"
			}
		],
		"name": "placementDetaill",
		"type": "event"
	},
	{
		"anonymous": false,
		"inputs": [
			{
				"indexed": false,
				"internalType": "address",
				"name": "walletAddress",
				"type": "address"
			},
			{
				"indexed": false,
				"internalType": "address",
				"name": "direct",
				"type": "address"
			},
			{
				"indexed": false,
				"internalType": "address",
				"name": "payment",
				"type": "address"
			},
			{
				"indexed": false,
				"internalType": "uint256",
				"name": "amount1",
				"type": "uint256"
			},
			{
				"indexed": false,
				"internalType": "uint256",
				"name": "amount2",
				"type": "uint256"
			},
			{
				"indexed": false,
				"internalType": "uint256",
				"name": "amount3",
				"type": "uint256"
			}
		],
		"name": "upgradeDetaill",
		"type": "event"
	},
	{
		"inputs": [],
		"name": "USDT_ADDRESS",
		"outputs": [
			{
				"internalType": "address",
				"name": "",
				"type": "address"
			}
		],
		"stateMutability": "view",
		"type": "function"
	},
	{
		"inputs": [
			{
				"internalType": "address",
				"name": "_direct",
				"type": "address"
			},
			{
				"internalType": "address",
				"name": "_placement",
				"type": "address"
			},
			{
				"internalType": "uint256",
				"name": "amount",
				"type": "uint256"
			}
		],
		"name": "placement",
		"outputs": [],
		"stateMutability": "nonpayable",
		"type": "function"
	},
	{
		"inputs": [
			{
				"internalType": "address",
				"name": "_direct",
				"type": "address"
			},
			{
				"internalType": "address",
				"name": "_placement",
				"type": "address"
			},
			{
				"internalType": "uint256",
				"name": "amount",
				"type": "uint256"
			}
		],
		"name": "upgrades",
		"outputs": [],
		"stateMutability": "nonpayable",
		"type": "function"
	}
]